topic,pos_pos,neg_neg,neu_neu,pos_neg,pos_neu,neg_neu,total,avg_pos_pos,avg_neg_neg,avg_neu_neu,avg_pos_neg,avg_pos_neu,avg_neg_neu
0,907,1580,191,2278,748,973,6677,13.58,23.66,2.86,34.12,11.2,14.57
12,193,143,20,308,134,94,892,21.64,16.03,2.24,34.53,15.02,10.54
5,444,1474,62,1580,389,696,4645,9.56,31.73,1.33,34.02,8.37,14.98
2,20,156,25,118,35,69,423,4.73,36.88,5.91,27.9,8.27,16.31
13,3939,2960,1268,6565,4278,3572,22582,17.44,13.11,5.62,29.07,18.94,15.82
1,26,12,6,31,17,23,115,22.61,10.43,5.22,26.96,14.78,20.0
14,6,15,1,23,10,16,71,8.45,21.13,1.41,32.39,14.08,22.54
3,7,18,3,16,11,15,70,10.0,25.71,4.29,22.86,15.71,21.43
11,1,3,0,1,1,0,6,16.67,50.0,0.0,16.67,16.67,0.0
9,0,2,0,3,1,1,7,0.0,28.57,0.0,42.86,14.29,14.29
10,1,0,0,0,0,0,1,100.0,0.0,0.0,0.0,0.0,0.0
7,4,1,0,0,0,1,6,66.67,16.67,0.0,0.0,0.0,16.67
